year,age,life_stage,zip_code,city,county,state,fed_income_tax_paid,fica_social_security_paid,fica_medicare_paid,fed_excise_tax_est,fed_other_fees,state_income_tax_paid,state_sales_tax_est,state_excise_tax_est,state_fees,local_income_wage_tax_paid,property_tax_paid,local_fees_fines,total_taxes_fees_paid,social_security_received,medicare_benefits_received,medicaid_benefits_received,chip_benefits_received,snap_received,wic_received,tanf_received,unemployment_insurance_received,ssi_ssdi_received,aca_premium_subsidy_received,eitc_refundable_received,child_tax_credit_refundable,pell_grant_received,fed_student_loan_subsidy_est,housing_assistance_received,va_benefits_received,other_direct_benefits,total_direct_benefits,k12_public_education_cost,public_university_state_subsidy,public_hospital_uncompensated,community_health_center,public_defender_cost,incarceration_cost,probation_parole_cost,foster_care_cost,public_transit_subsidy_est,other_direct_services,total_direct_services,defense_per_capita_share,veterans_affairs_per_capita,federal_law_enforcement_intel_share,diplomacy_foreign_affairs_share,fed_infrastructure_share,fed_public_health_share,fed_environment_share,fed_courts_share,fed_general_govt_share,fed_interest_on_debt_share,state_police_corrections_share,state_infrastructure_share,state_courts_share,state_public_health_share,state_parks_environment_share,state_general_govt_share,local_police_share,local_fire_ems_share,local_roads_share,local_water_sewer_share,local_parks_rec_share,local_library_share,local_general_govt_share,total_collective_allocated,total_govt_cost,net_fiscal_impact,cumulative_net_fiscal_impact,data_source_quality,notes
2026,34,working,,Philadelphia,Philadelphia,PA,0,1736,406,224,0,860,1125,112,78,1050,0,44,5635,0,0,13200,0,2472,900,0,0,0,0,5212,3400,0,0,0,0,0,25184,32000,0,0,950,0,0,0,0,0,0,32950,2685,896,179,194,299,164,36,27,45,2687,350,420,140,280,90,250,480,280,310,260,155,48,250,10525,68659,-63024,0,estimated,"Single dad, two kids, systems-heavy; 13 fragments resolved"
2026,29,working,,Philadelphia,Philadelphia,PA,0,1364,319,176,0,675,884,88,72,825,0,41,4444,0,0,9700,0,1140,900,0,0,0,0,3863,1700,0,0,0,0,0,17303,16000,0,0,950,0,0,0,0,0,0,16950,2685,896,179,194,299,164,36,27,45,2687,350,420,140,280,90,250,480,280,310,260,155,48,250,10525,44778,-40334,0,estimated,"Working poor, one child; 13 fragments resolved"
2026,72,retired,,Philadelphia,Philadelphia,PA,0,868,203,112,0,430,637,56,64,525,0,37,2932,10000,15000,0,0,132,0,0,0,0,0,0,0,0,0,0,0,0,25132,0,0,0,950,0,0,0,0,0,0,950,2685,896,179,194,299,164,36,27,45,2687,350,420,140,280,90,250,480,280,310,260,155,48,250,10525,36607,-33675,0,estimated,"Elderly, disabled, fixed income; 13 fragments resolved"
2026,38,working,,Philadelphia,Philadelphia,PA,0,3224,754,416,0,1596,1532,208,102,1950,0,56,9838,0,0,0,10500,0,1800,0,0,0,6460,998,5100,0,0,0,0,0,24858,48000,0,0,950,0,0,0,0,0,0,48950,2685,896,179,194,299,164,36,27,45,2687,350,420,140,280,90,250,480,280,310,260,155,48,250,10525,84333,-74495,0,estimated,"Working family, benefits cliff; 13 fragments resolved"
2026,19,college,,Philadelphia,Philadelphia,PA,0,744,174,96,0,368,546,48,62,450,0,36,2524,0,0,6200,0,612,0,0,0,0,0,170,0,7395,2219,0,0,0,16596,0,8500,0,950,0,0,0,35000,0,0,44450,2685,896,179,194,299,164,36,27,45,2687,350,420,140,280,90,250,480,280,310,260,155,48,250,10525,71571,-69047,0,estimated,"Aged out of foster care, part-time student; 13 fragments resolved"
2026,38,working,,Philadelphia,Philadelphia,PA,1172,3689,863,476,0,1827,1714,238,110,2231,2716,60,15096,0,0,0,0,0,0,0,0,0,2443,0,1700,0,0,0,0,0,4143,16000,0,0,0,0,0,0,0,0,0,16000,2685,896,179,194,299,164,36,27,45,2687,350,420,140,280,90,250,480,280,310,260,155,48,250,10525,30668,-15572,0,estimated,National benchmark — median household; 13 fragments resolved
2026,34,working,,Delaware,Delaware County,PA,0,1736,406,224,0,860,1125,112,78,0,0,44,4585,0,0,13200,0,2472,900,0,0,0,0,5212,3400,0,0,0,0,0,25184,32000,0,0,950,0,0,0,0,0,0,32950,2685,896,179,194,299,164,36,27,45,2687,350,420,140,280,90,250,480,280,310,260,155,48,250,10525,68659,-64074,0,modeled,"Single dad, two kids, systems-heavy; 4 fragments resolved"
2026,29,working,,Delaware,Delaware County,PA,0,1364,319,176,0,675,884,88,72,0,0,41,3619,0,0,9700,0,1140,900,0,0,0,0,3863,1700,0,0,0,0,0,17303,16000,0,0,950,0,0,0,0,0,0,16950,2685,896,179,194,299,164,36,27,45,2687,350,420,140,280,90,250,480,280,310,260,155,48,250,10525,44778,-41159,0,modeled,"Working poor, one child; 4 fragments resolved"
2026,72,retired,,Delaware,Delaware County,PA,0,868,203,112,0,430,637,56,64,0,0,37,2407,10000,15000,0,0,132,0,0,0,0,0,0,0,0,0,0,0,0,25132,0,0,0,950,0,0,0,0,0,0,950,2685,896,179,194,299,164,36,27,45,2687,350,420,140,280,90,250,480,280,310,260,155,48,250,10525,36607,-34200,0,modeled,"Elderly, disabled, fixed income; 4 fragments resolved"
2026,38,working,,Delaware,Delaware County,PA,0,3224,754,416,0,1596,1532,208,102,0,0,56,7888,0,0,0,10500,0,1800,0,0,0,6460,998,5100,0,0,0,0,0,24858,48000,0,0,950,0,0,0,0,0,0,48950,2685,896,179,194,299,164,36,27,45,2687,350,420,140,280,90,250,480,280,310,260,155,48,250,10525,84333,-76445,0,modeled,"Working family, benefits cliff; 4 fragments resolved"
2026,19,college,,Delaware,Delaware County,PA,0,744,174,96,0,368,546,48,62,0,0,36,2074,0,0,6200,0,612,0,0,0,0,0,170,0,7395,2219,0,0,0,16596,0,8500,0,950,0,0,0,35000,0,0,44450,2685,896,179,194,299,164,36,27,45,2687,350,420,140,280,90,250,480,280,310,260,155,48,250,10525,71571,-69497,0,modeled,"Aged out of foster care, part-time student; 4 fragments resolved"
2026,38,working,,Delaware,Delaware County,PA,1172,3689,863,476,0,1827,1714,238,110,0,2394,60,12543,0,0,0,0,0,0,0,0,0,2443,0,1700,0,0,0,0,0,4143,16000,0,0,0,0,0,0,0,0,0,16000,2685,896,179,194,299,164,36,27,45,2687,350,420,140,280,90,250,480,280,310,260,155,48,250,10525,30668,-18125,0,modeled,National benchmark — median household; 4 fragments resolved
2026,34,working,,Montgomery,Montgomery County,PA,0,1736,406,224,0,860,1125,112,78,0,0,44,4585,0,0,13200,0,2472,900,0,0,0,0,5212,3400,0,0,0,0,0,25184,32000,0,0,950,0,0,0,0,0,0,32950,2685,896,179,194,299,164,36,27,45,2687,350,420,140,280,90,250,480,280,310,260,155,48,250,10525,68659,-64074,0,modeled,"Single dad, two kids, systems-heavy; 4 fragments resolved"
2026,29,working,,Montgomery,Montgomery County,PA,0,1364,319,176,0,675,884,88,72,0,0,41,3619,0,0,9700,0,1140,900,0,0,0,0,3863,1700,0,0,0,0,0,17303,16000,0,0,950,0,0,0,0,0,0,16950,2685,896,179,194,299,164,36,27,45,2687,350,420,140,280,90,250,480,280,310,260,155,48,250,10525,44778,-41159,0,modeled,"Working poor, one child; 4 fragments resolved"
2026,72,retired,,Montgomery,Montgomery County,PA,0,868,203,112,0,430,637,56,64,0,0,37,2407,10000,15000,0,0,132,0,0,0,0,0,0,0,0,0,0,0,0,25132,0,0,0,950,0,0,0,0,0,0,950,2685,896,179,194,299,164,36,27,45,2687,350,420,140,280,90,250,480,280,310,260,155,48,250,10525,36607,-34200,0,modeled,"Elderly, disabled, fixed income; 4 fragments resolved"
2026,38,working,,Montgomery,Montgomery County,PA,0,3224,754,416,0,1596,1532,208,102,0,0,56,7888,0,0,0,10500,0,1800,0,0,0,6460,998,5100,0,0,0,0,0,24858,48000,0,0,950,0,0,0,0,0,0,48950,2685,896,179,194,299,164,36,27,45,2687,350,420,140,280,90,250,480,280,310,260,155,48,250,10525,84333,-76445,0,modeled,"Working family, benefits cliff; 4 fragments resolved"
2026,19,college,,Montgomery,Montgomery County,PA,0,744,174,96,0,368,546,48,62,0,0,36,2074,0,0,6200,0,612,0,0,0,0,0,170,0,7395,2219,0,0,0,16596,0,8500,0,950,0,0,0,35000,0,0,44450,2685,896,179,194,299,164,36,27,45,2687,350,420,140,280,90,250,480,280,310,260,155,48,250,10525,71571,-69497,0,modeled,"Aged out of foster care, part-time student; 4 fragments resolved"
2026,38,working,,Montgomery,Montgomery County,PA,1172,3689,863,476,0,1827,1714,238,110,0,2541,60,12690,0,0,0,0,0,0,0,0,0,2443,0,1700,0,0,0,0,0,4143,16000,0,0,0,0,0,0,0,0,0,16000,2685,896,179,194,299,164,36,27,45,2687,350,420,140,280,90,250,480,280,310,260,155,48,250,10525,30668,-17978,0,modeled,National benchmark — median household; 4 fragments resolved
2026,34,working,,Bucks,Bucks County,PA,0,1736,406,224,0,860,1125,112,78,0,0,44,4585,0,0,13200,0,2472,900,0,0,0,0,5212,3400,0,0,0,0,0,25184,32000,0,0,950,0,0,0,0,0,0,32950,2685,896,179,194,299,164,36,27,45,2687,350,420,140,280,90,250,480,280,310,260,155,48,250,10525,68659,-64074,0,modeled,"Single dad, two kids, systems-heavy; 4 fragments resolved"
2026,29,working,,Bucks,Bucks County,PA,0,1364,319,176,0,675,884,88,72,0,0,41,3619,0,0,9700,0,1140,900,0,0,0,0,3863,1700,0,0,0,0,0,17303,16000,0,0,950,0,0,0,0,0,0,16950,2685,896,179,194,299,164,36,27,45,2687,350,420,140,280,90,250,480,280,310,260,155,48,250,10525,44778,-41159,0,modeled,"Working poor, one child; 4 fragments resolved"
2026,72,retired,,Bucks,Bucks County,PA,0,868,203,112,0,430,637,56,64,0,0,37,2407,10000,15000,0,0,132,0,0,0,0,0,0,0,0,0,0,0,0,25132,0,0,0,950,0,0,0,0,0,0,950,2685,896,179,194,299,164,36,27,45,2687,350,420,140,280,90,250,480,280,310,260,155,48,250,10525,36607,-34200,0,modeled,"Elderly, disabled, fixed income; 4 fragments resolved"
2026,38,working,,Bucks,Bucks County,PA,0,3224,754,416,0,1596,1532,208,102,0,0,56,7888,0,0,0,10500,0,1800,0,0,0,6460,998,5100,0,0,0,0,0,24858,48000,0,0,950,0,0,0,0,0,0,48950,2685,896,179,194,299,164,36,27,45,2687,350,420,140,280,90,250,480,280,310,260,155,48,250,10525,84333,-76445,0,modeled,"Working family, benefits cliff; 4 fragments resolved"
2026,19,college,,Bucks,Bucks County,PA,0,744,174,96,0,368,546,48,62,0,0,36,2074,0,0,6200,0,612,0,0,0,0,0,170,0,7395,2219,0,0,0,16596,0,8500,0,950,0,0,0,35000,0,0,44450,2685,896,179,194,299,164,36,27,45,2687,350,420,140,280,90,250,480,280,310,260,155,48,250,10525,71571,-69497,0,modeled,"Aged out of foster care, part-time student; 4 fragments resolved"
2026,38,working,,Bucks,Bucks County,PA,1172,3689,863,476,0,1827,1714,238,110,0,2621,60,12770,0,0,0,0,0,0,0,0,0,2443,0,1700,0,0,0,0,0,4143,16000,0,0,0,0,0,0,0,0,0,16000,2685,896,179,194,299,164,36,27,45,2687,350,420,140,280,90,250,480,280,310,260,155,48,250,10525,30668,-17898,0,modeled,National benchmark — median household; 4 fragments resolved
2026,34,working,,Chester,Chester County,PA,0,1736,406,224,0,860,1125,112,78,0,0,44,4585,0,0,13200,0,2472,900,0,0,0,0,5212,3400,0,0,0,0,0,25184,32000,0,0,950,0,0,0,0,0,0,32950,2685,896,179,194,299,164,36,27,45,2687,350,420,140,280,90,250,480,280,310,260,155,48,250,10525,68659,-64074,0,modeled,"Single dad, two kids, systems-heavy; 4 fragments resolved"
2026,29,working,,Chester,Chester County,PA,0,1364,319,176,0,675,884,88,72,0,0,41,3619,0,0,9700,0,1140,900,0,0,0,0,3863,1700,0,0,0,0,0,17303,16000,0,0,950,0,0,0,0,0,0,16950,2685,896,179,194,299,164,36,27,45,2687,350,420,140,280,90,250,480,280,310,260,155,48,250,10525,44778,-41159,0,modeled,"Working poor, one child; 4 fragments resolved"
2026,72,retired,,Chester,Chester County,PA,0,868,203,112,0,430,637,56,64,0,0,37,2407,10000,15000,0,0,132,0,0,0,0,0,0,0,0,0,0,0,0,25132,0,0,0,950,0,0,0,0,0,0,950,2685,896,179,194,299,164,36,27,45,2687,350,420,140,280,90,250,480,280,310,260,155,48,250,10525,36607,-34200,0,modeled,"Elderly, disabled, fixed income; 4 fragments resolved"
2026,38,working,,Chester,Chester County,PA,0,3224,754,416,0,1596,1532,208,102,0,0,56,7888,0,0,0,10500,0,1800,0,0,0,6460,998,5100,0,0,0,0,0,24858,48000,0,0,950,0,0,0,0,0,0,48950,2685,896,179,194,299,164,36,27,45,2687,350,420,140,280,90,250,480,280,310,260,155,48,250,10525,84333,-76445,0,modeled,"Working family, benefits cliff; 4 fragments resolved"
2026,19,college,,Chester,Chester County,PA,0,744,174,96,0,368,546,48,62,0,0,36,2074,0,0,6200,0,612,0,0,0,0,0,170,0,7395,2219,0,0,0,16596,0,8500,0,950,0,0,0,35000,0,0,44450,2685,896,179,194,299,164,36,27,45,2687,350,420,140,280,90,250,480,280,310,260,155,48,250,10525,71571,-69497,0,modeled,"Aged out of foster care, part-time student; 4 fragments resolved"
2026,38,working,,Chester,Chester County,PA,1172,3689,863,476,0,1827,1714,238,110,0,2619,60,12768,0,0,0,0,0,0,0,0,0,2443,0,1700,0,0,0,0,0,4143,16000,0,0,0,0,0,0,0,0,0,16000,2685,896,179,194,299,164,36,27,45,2687,350,420,140,280,90,250,480,280,310,260,155,48,250,10525,30668,-17900,0,modeled,National benchmark — median household; 4 fragments resolved
2026,34,working,,New York,New York County (Manhattan),NY,0,1736,406,224,0,1540,730,112,78,862,0,44,5732,0,0,13200,0,2472,900,0,0,0,0,5212,3400,0,0,0,0,0,25184,32000,0,0,950,0,0,0,0,0,0,32950,2685,896,179,194,299,164,36,27,45,2687,350,420,140,280,90,250,480,280,310,260,155,48,250,10525,68659,-62927,0,estimated,"Single dad, two kids, systems-heavy; 13 fragments resolved"
2026,29,working,,New York,New York County (Manhattan),NY,0,1364,319,176,0,1210,573,88,72,677,0,41,4520,0,0,9700,0,1140,900,0,0,0,0,3863,1700,0,0,0,0,0,17303,16000,0,0,950,0,0,0,0,0,0,16950,2685,896,179,194,299,164,36,27,45,2687,350,420,140,280,90,250,480,280,310,260,155,48,250,10525,44778,-40258,0,estimated,"Working poor, one child; 13 fragments resolved"
2026,72,retired,,New York,New York County (Manhattan),NY,0,868,203,112,0,770,413,56,64,431,0,37,2954,10000,15000,0,0,132,0,0,0,0,0,0,0,0,0,0,0,0,25132,0,0,0,950,0,0,0,0,0,0,950,2685,896,179,194,299,164,36,27,45,2687,350,420,140,280,90,250,480,280,310,260,155,48,250,10525,36607,-33653,0,estimated,"Elderly, disabled, fixed income; 13 fragments resolved"
2026,38,working,,New York,New York County (Manhattan),NY,0,3224,754,416,0,2860,994,208,102,1601,0,56,10215,0,0,0,10500,0,1800,0,0,0,6460,998,5100,0,0,0,0,0,24858,48000,0,0,950,0,0,0,0,0,0,48950,2685,896,179,194,299,164,36,27,45,2687,350,420,140,280,90,250,480,280,310,260,155,48,250,10525,84333,-74118,0,estimated,"Working family, benefits cliff; 13 fragments resolved"
2026,19,college,,New York,New York County (Manhattan),NY,0,744,174,96,0,660,354,48,62,369,0,36,2543,0,0,6200,0,612,0,0,0,0,0,170,0,7395,2219,0,0,0,16596,0,8500,0,950,0,0,0,35000,0,0,44450,2685,896,179,194,299,164,36,27,45,2687,350,420,140,280,90,250,480,280,310,260,155,48,250,10525,71571,-69028,0,estimated,"Aged out of foster care, part-time student; 13 fragments resolved"
2026,38,working,,New York,New York County (Manhattan),NY,1172,3689,863,476,0,3273,1111,238,110,1831,7624,60,20447,0,0,0,0,0,0,0,0,0,2443,0,1700,0,0,0,0,0,4143,16000,0,0,0,0,0,0,0,0,0,16000,2685,896,179,194,299,164,36,27,45,2687,350,420,140,280,90,250,480,280,310,260,155,48,250,10525,30668,-10221,0,estimated,National benchmark — median household; 13 fragments resolved
2026,34,working,,Kings,Kings County (Brooklyn),NY,0,1736,406,224,0,1540,730,112,78,862,0,44,5732,0,0,13200,0,2472,900,0,0,0,0,5212,3400,0,0,0,0,0,25184,32000,0,0,950,0,0,0,0,0,0,32950,2685,896,179,194,299,164,36,27,45,2687,350,420,140,280,90,250,480,280,310,260,155,48,250,10525,68659,-62927,0,modeled,"Single dad, two kids, systems-heavy; 4 fragments resolved"
2026,29,working,,Kings,Kings County (Brooklyn),NY,0,1364,319,176,0,1210,573,88,72,677,0,41,4520,0,0,9700,0,1140,900,0,0,0,0,3863,1700,0,0,0,0,0,17303,16000,0,0,950,0,0,0,0,0,0,16950,2685,896,179,194,299,164,36,27,45,2687,350,420,140,280,90,250,480,280,310,260,155,48,250,10525,44778,-40258,0,modeled,"Working poor, one child; 4 fragments resolved"
2026,72,retired,,Kings,Kings County (Brooklyn),NY,0,868,203,112,0,770,413,56,64,431,0,37,2954,10000,15000,0,0,132,0,0,0,0,0,0,0,0,0,0,0,0,25132,0,0,0,950,0,0,0,0,0,0,950,2685,896,179,194,299,164,36,27,45,2687,350,420,140,280,90,250,480,280,310,260,155,48,250,10525,36607,-33653,0,modeled,"Elderly, disabled, fixed income; 4 fragments resolved"
2026,38,working,,Kings,Kings County (Brooklyn),NY,0,3224,754,416,0,2860,994,208,102,1601,0,56,10215,0,0,0,10500,0,1800,0,0,0,6460,998,5100,0,0,0,0,0,24858,48000,0,0,950,0,0,0,0,0,0,48950,2685,896,179,194,299,164,36,27,45,2687,350,420,140,280,90,250,480,280,310,260,155,48,250,10525,84333,-74118,0,modeled,"Working family, benefits cliff; 4 fragments resolved"
2026,19,college,,Kings,Kings County (Brooklyn),NY,0,744,174,96,0,660,354,48,62,369,0,36,2543,0,0,6200,0,612,0,0,0,0,0,170,0,7395,2219,0,0,0,16596,0,8500,0,950,0,0,0,35000,0,0,44450,2685,896,179,194,299,164,36,27,45,2687,350,420,140,280,90,250,480,280,310,260,155,48,250,10525,71571,-69028,0,modeled,"Aged out of foster care, part-time student; 4 fragments resolved"
2026,38,working,,Kings,Kings County (Brooklyn),NY,1172,3689,863,476,0,3273,1111,238,110,1831,8272,60,21095,0,0,0,0,0,0,0,0,0,2443,0,1700,0,0,0,0,0,4143,16000,0,0,0,0,0,0,0,0,0,16000,2685,896,179,194,299,164,36,27,45,2687,350,420,140,280,90,250,480,280,310,260,155,48,250,10525,30668,-9573,0,modeled,National benchmark — median household; 4 fragments resolved
2026,34,working,,Queens,Queens County,NY,0,1736,406,224,0,1540,730,112,78,862,0,44,5732,0,0,13200,0,2472,900,0,0,0,0,5212,3400,0,0,0,0,0,25184,32000,0,0,950,0,0,0,0,0,0,32950,2685,896,179,194,299,164,36,27,45,2687,350,420,140,280,90,250,480,280,310,260,155,48,250,10525,68659,-62927,0,modeled,"Single dad, two kids, systems-heavy; 4 fragments resolved"
2026,29,working,,Queens,Queens County,NY,0,1364,319,176,0,1210,573,88,72,677,0,41,4520,0,0,9700,0,1140,900,0,0,0,0,3863,1700,0,0,0,0,0,17303,16000,0,0,950,0,0,0,0,0,0,16950,2685,896,179,194,299,164,36,27,45,2687,350,420,140,280,90,250,480,280,310,260,155,48,250,10525,44778,-40258,0,modeled,"Working poor, one child; 4 fragments resolved"
2026,72,retired,,Queens,Queens County,NY,0,868,203,112,0,770,413,56,64,431,0,37,2954,10000,15000,0,0,132,0,0,0,0,0,0,0,0,0,0,0,0,25132,0,0,0,950,0,0,0,0,0,0,950,2685,896,179,194,299,164,36,27,45,2687,350,420,140,280,90,250,480,280,310,260,155,48,250,10525,36607,-33653,0,modeled,"Elderly, disabled, fixed income; 4 fragments resolved"
2026,38,working,,Queens,Queens County,NY,0,3224,754,416,0,2860,994,208,102,1601,0,56,10215,0,0,0,10500,0,1800,0,0,0,6460,998,5100,0,0,0,0,0,24858,48000,0,0,950,0,0,0,0,0,0,48950,2685,896,179,194,299,164,36,27,45,2687,350,420,140,280,90,250,480,280,310,260,155,48,250,10525,84333,-74118,0,modeled,"Working family, benefits cliff; 4 fragments resolved"
2026,19,college,,Queens,Queens County,NY,0,744,174,96,0,660,354,48,62,369,0,36,2543,0,0,6200,0,612,0,0,0,0,0,170,0,7395,2219,0,0,0,16596,0,8500,0,950,0,0,0,35000,0,0,44450,2685,896,179,194,299,164,36,27,45,2687,350,420,140,280,90,250,480,280,310,260,155,48,250,10525,71571,-69028,0,modeled,"Aged out of foster care, part-time student; 4 fragments resolved"
2026,38,working,,Queens,Queens County,NY,1172,3689,863,476,0,3273,1111,238,110,1831,5870,60,18693,0,0,0,0,0,0,0,0,0,2443,0,1700,0,0,0,0,0,4143,16000,0,0,0,0,0,0,0,0,0,16000,2685,896,179,194,299,164,36,27,45,2687,350,420,140,280,90,250,480,280,310,260,155,48,250,10525,30668,-11975,0,modeled,National benchmark — median household; 4 fragments resolved
2026,34,working,,Bronx,Bronx County,NY,0,1736,406,224,0,1540,730,112,78,862,0,44,5732,0,0,13200,0,2472,900,0,0,0,0,5212,3400,0,0,0,0,0,25184,32000,0,0,950,0,0,0,0,0,0,32950,2685,896,179,194,299,164,36,27,45,2687,350,420,140,280,90,250,480,280,310,260,155,48,250,10525,68659,-62927,0,modeled,"Single dad, two kids, systems-heavy; 4 fragments resolved"
2026,29,working,,Bronx,Bronx County,NY,0,1364,319,176,0,1210,573,88,72,677,0,41,4520,0,0,9700,0,1140,900,0,0,0,0,3863,1700,0,0,0,0,0,17303,16000,0,0,950,0,0,0,0,0,0,16950,2685,896,179,194,299,164,36,27,45,2687,350,420,140,280,90,250,480,280,310,260,155,48,250,10525,44778,-40258,0,modeled,"Working poor, one child; 4 fragments resolved"
2026,72,retired,,Bronx,Bronx County,NY,0,868,203,112,0,770,413,56,64,431,0,37,2954,10000,15000,0,0,132,0,0,0,0,0,0,0,0,0,0,0,0,25132,0,0,0,950,0,0,0,0,0,0,950,2685,896,179,194,299,164,36,27,45,2687,350,420,140,280,90,250,480,280,310,260,155,48,250,10525,36607,-33653,0,modeled,"Elderly, disabled, fixed income; 4 fragments resolved"
2026,38,working,,Bronx,Bronx County,NY,0,3224,754,416,0,2860,994,208,102,1601,0,56,10215,0,0,0,10500,0,1800,0,0,0,6460,998,5100,0,0,0,0,0,24858,48000,0,0,950,0,0,0,0,0,0,48950,2685,896,179,194,299,164,36,27,45,2687,350,420,140,280,90,250,480,280,310,260,155,48,250,10525,84333,-74118,0,modeled,"Working family, benefits cliff; 4 fragments resolved"
2026,19,college,,Bronx,Bronx County,NY,0,744,174,96,0,660,354,48,62,369,0,36,2543,0,0,6200,0,612,0,0,0,0,0,170,0,7395,2219,0,0,0,16596,0,8500,0,950,0,0,0,35000,0,0,44450,2685,896,179,194,299,164,36,27,45,2687,350,420,140,280,90,250,480,280,310,260,155,48,250,10525,71571,-69028,0,modeled,"Aged out of foster care, part-time student; 4 fragments resolved"
2026,38,working,,Bronx,Bronx County,NY,1172,3689,863,476,0,3273,1111,238,110,1831,7611,60,20434,0,0,0,0,0,0,0,0,0,2443,0,1700,0,0,0,0,0,4143,16000,0,0,0,0,0,0,0,0,0,16000,2685,896,179,194,299,164,36,27,45,2687,350,420,140,280,90,250,480,280,310,260,155,48,250,10525,30668,-10234,0,modeled,National benchmark — median household; 4 fragments resolved
2026,34,working,,Los Angeles,Los Angeles County,CA,0,1736,406,224,0,1680,1315,112,78,0,0,44,5595,0,0,13200,0,2472,900,0,0,0,0,5212,3400,0,0,0,0,0,25184,32000,0,0,950,0,0,0,0,0,0,32950,2685,896,179,194,299,164,36,27,45,2687,350,420,140,280,90,250,480,280,310,260,155,48,250,10525,68659,-63064,0,estimated,"Single dad, two kids, systems-heavy; 13 fragments resolved"
2026,29,working,,Los Angeles,Los Angeles County,CA,0,1364,319,176,0,1320,1033,88,72,0,0,41,4413,0,0,9700,0,1140,900,0,0,0,0,3863,1700,0,0,0,0,0,17303,16000,0,0,950,0,0,0,0,0,0,16950,2685,896,179,194,299,164,36,27,45,2687,350,420,140,280,90,250,480,280,310,260,155,48,250,10525,44778,-40365,0,estimated,"Working poor, one child; 13 fragments resolved"
2026,72,retired,,Los Angeles,Los Angeles County,CA,0,868,203,112,0,840,745,56,64,0,0,37,2925,10000,15000,0,0,132,0,0,0,0,0,0,0,0,0,0,0,0,25132,0,0,0,950,0,0,0,0,0,0,950,2685,896,179,194,299,164,36,27,45,2687,350,420,140,280,90,250,480,280,310,260,155,48,250,10525,36607,-33682,0,estimated,"Elderly, disabled, fixed income; 13 fragments resolved"
2026,38,working,,Los Angeles,Los Angeles County,CA,0,3224,754,416,0,3120,1790,208,102,0,0,56,9670,0,0,0,10500,0,1800,0,0,0,6460,998,5100,0,0,0,0,0,24858,48000,0,0,950,0,0,0,0,0,0,48950,2685,896,179,194,299,164,36,27,45,2687,350,420,140,280,90,250,480,280,310,260,155,48,250,10525,84333,-74663,0,estimated,"Working family, benefits cliff; 13 fragments resolved"
2026,19,college,,Los Angeles,Los Angeles County,CA,0,744,174,96,0,720,639,48,62,0,0,36,2519,0,0,6200,0,612,0,0,0,0,0,170,0,7395,2219,0,0,0,16596,0,8500,0,950,0,0,0,35000,0,0,44450,2685,896,179,194,299,164,36,27,45,2687,350,420,140,280,90,250,480,280,310,260,155,48,250,10525,71571,-69052,0,estimated,"Aged out of foster care, part-time student; 13 fragments resolved"
2026,38,working,,Los Angeles,Los Angeles County,CA,1172,3689,863,476,0,3570,2002,238,110,0,6921,60,19101,0,0,0,0,0,0,0,0,0,2443,0,1700,0,0,0,0,0,4143,16000,0,0,0,0,0,0,0,0,0,16000,2685,896,179,194,299,164,36,27,45,2687,350,420,140,280,90,250,480,280,310,260,155,48,250,10525,30668,-11567,0,estimated,National benchmark — median household; 13 fragments resolved
2026,34,working,,Cook,Cook County (Chicago),IL,0,1736,406,224,0,1386,1147,112,78,0,0,44,5133,0,0,13200,0,2472,900,0,0,0,0,5212,3400,0,0,0,0,0,25184,32000,0,0,950,0,0,0,0,0,0,32950,2685,896,179,194,299,164,36,27,45,2687,350,420,140,280,90,250,480,280,310,260,155,48,250,10525,68659,-63526,0,estimated,"Single dad, two kids, systems-heavy; 13 fragments resolved"
2026,29,working,,Cook,Cook County (Chicago),IL,0,1364,319,176,0,1089,901,88,72,0,0,41,4050,0,0,9700,0,1140,900,0,0,0,0,3863,1700,0,0,0,0,0,17303,16000,0,0,950,0,0,0,0,0,0,16950,2685,896,179,194,299,164,36,27,45,2687,350,420,140,280,90,250,480,280,310,260,155,48,250,10525,44778,-40728,0,estimated,"Working poor, one child; 13 fragments resolved"
2026,72,retired,,Cook,Cook County (Chicago),IL,0,868,203,112,0,693,650,56,64,0,0,37,2683,10000,15000,0,0,132,0,0,0,0,0,0,0,0,0,0,0,0,25132,0,0,0,950,0,0,0,0,0,0,950,2685,896,179,194,299,164,36,27,45,2687,350,420,140,280,90,250,480,280,310,260,155,48,250,10525,36607,-33924,0,estimated,"Elderly, disabled, fixed income; 13 fragments resolved"
2026,38,working,,Cook,Cook County (Chicago),IL,0,3224,754,416,0,2574,1562,208,102,0,0,56,8896,0,0,0,10500,0,1800,0,0,0,6460,998,5100,0,0,0,0,0,24858,48000,0,0,950,0,0,0,0,0,0,48950,2685,896,179,194,299,164,36,27,45,2687,350,420,140,280,90,250,480,280,310,260,155,48,250,10525,84333,-75437,0,estimated,"Working family, benefits cliff; 13 fragments resolved"
2026,19,college,,Cook,Cook County (Chicago),IL,0,744,174,96,0,594,557,48,62,0,0,36,2311,0,0,6200,0,612,0,0,0,0,0,170,0,7395,2219,0,0,0,16596,0,8500,0,950,0,0,0,35000,0,0,44450,2685,896,179,194,299,164,36,27,45,2687,350,420,140,280,90,250,480,280,310,260,155,48,250,10525,71571,-69260,0,estimated,"Aged out of foster care, part-time student; 13 fragments resolved"
2026,38,working,,Cook,Cook County (Chicago),IL,1172,3689,863,476,0,2945,1747,238,110,0,2634,60,13934,0,0,0,0,0,0,0,0,0,2443,0,1700,0,0,0,0,0,4143,16000,0,0,0,0,0,0,0,0,0,16000,2685,896,179,194,299,164,36,27,45,2687,350,420,140,280,90,250,480,280,310,260,155,48,250,10525,30668,-16734,0,estimated,National benchmark — median household; 13 fragments resolved
2026,34,working,,Harris,Harris County (Houston),TX,0,1736,406,224,0,0,1212,112,78,0,0,44,3812,0,0,13200,0,2472,900,0,0,0,0,5212,3400,0,0,0,0,0,25184,32000,0,0,950,0,0,0,0,0,0,32950,2685,896,179,194,299,164,36,27,45,2687,350,420,140,280,90,250,480,280,310,260,155,48,250,10525,68659,-64847,0,modeled,"Single dad, two kids, systems-heavy; 4 fragments resolved"
2026,29,working,,Harris,Harris County (Houston),TX,0,1364,319,176,0,0,952,88,72,0,0,41,3012,0,0,9700,0,1140,900,0,0,0,0,3863,1700,0,0,0,0,0,17303,16000,0,0,950,0,0,0,0,0,0,16950,2685,896,179,194,299,164,36,27,45,2687,350,420,140,280,90,250,480,280,310,260,155,48,250,10525,44778,-41766,0,modeled,"Working poor, one child; 4 fragments resolved"
2026,72,retired,,Harris,Harris County (Houston),TX,0,868,203,112,0,0,687,56,64,0,0,37,2027,10000,15000,0,0,132,0,0,0,0,0,0,0,0,0,0,0,0,25132,0,0,0,950,0,0,0,0,0,0,950,2685,896,179,194,299,164,36,27,45,2687,350,420,140,280,90,250,480,280,310,260,155,48,250,10525,36607,-34580,0,modeled,"Elderly, disabled, fixed income; 4 fragments resolved"
2026,38,working,,Harris,Harris County (Houston),TX,0,3224,754,416,0,0,1651,208,102,0,0,56,6411,0,0,0,10500,0,1800,0,0,0,6460,998,5100,0,0,0,0,0,24858,48000,0,0,950,0,0,0,0,0,0,48950,2685,896,179,194,299,164,36,27,45,2687,350,420,140,280,90,250,480,280,310,260,155,48,250,10525,84333,-77922,0,modeled,"Working family, benefits cliff; 4 fragments resolved"
2026,19,college,,Harris,Harris County (Houston),TX,0,744,174,96,0,0,589,48,62,0,0,36,1749,0,0,6200,0,612,0,0,0,0,0,170,0,7395,2219,0,0,0,16596,0,8500,0,950,0,0,0,35000,0,0,44450,2685,896,179,194,299,164,36,27,45,2687,350,420,140,280,90,250,480,280,310,260,155,48,250,10525,71571,-69822,0,modeled,"Aged out of foster care, part-time student; 4 fragments resolved"
2026,38,working,,Harris,Harris County (Houston),TX,1172,3689,863,476,0,0,1849,238,110,0,2373,60,10830,0,0,0,0,0,0,0,0,0,2443,0,1700,0,0,0,0,0,4143,16000,0,0,0,0,0,0,0,0,0,16000,2685,896,179,194,299,164,36,27,45,2687,350,420,140,280,90,250,480,280,310,260,155,48,250,10525,30668,-19838,0,modeled,National benchmark — median household; 4 fragments resolved
2026,34,working,,Maricopa,Maricopa County (Phoenix),AZ,0,1736,406,224,0,700,1057,112,78,0,0,44,4357,0,0,13200,0,2472,900,0,0,0,0,5212,3400,0,0,0,0,0,25184,32000,0,0,950,0,0,0,0,0,0,32950,2685,896,179,194,299,164,36,27,45,2687,350,420,140,280,90,250,480,280,310,260,155,48,250,10525,68659,-64302,0,modeled,"Single dad, two kids, systems-heavy; 4 fragments resolved"
2026,29,working,,Maricopa,Maricopa County (Phoenix),AZ,0,1364,319,176,0,550,830,88,72,0,0,41,3440,0,0,9700,0,1140,900,0,0,0,0,3863,1700,0,0,0,0,0,17303,16000,0,0,950,0,0,0,0,0,0,16950,2685,896,179,194,299,164,36,27,45,2687,350,420,140,280,90,250,480,280,310,260,155,48,250,10525,44778,-41338,0,modeled,"Working poor, one child; 4 fragments resolved"
2026,72,retired,,Maricopa,Maricopa County (Phoenix),AZ,0,868,203,112,0,350,599,56,64,0,0,37,2289,10000,15000,0,0,132,0,0,0,0,0,0,0,0,0,0,0,0,25132,0,0,0,950,0,0,0,0,0,0,950,2685,896,179,194,299,164,36,27,45,2687,350,420,140,280,90,250,480,280,310,260,155,48,250,10525,36607,-34318,0,modeled,"Elderly, disabled, fixed income; 4 fragments resolved"
2026,38,working,,Maricopa,Maricopa County (Phoenix),AZ,0,3224,754,416,0,1300,1439,208,102,0,0,56,7499,0,0,0,10500,0,1800,0,0,0,6460,998,5100,0,0,0,0,0,24858,48000,0,0,950,0,0,0,0,0,0,48950,2685,896,179,194,299,164,36,27,45,2687,350,420,140,280,90,250,480,280,310,260,155,48,250,10525,84333,-76834,0,modeled,"Working family, benefits cliff; 4 fragments resolved"
2026,19,college,,Maricopa,Maricopa County (Phoenix),AZ,0,744,174,96,0,300,513,48,62,0,0,36,1973,0,0,6200,0,612,0,0,0,0,0,170,0,7395,2219,0,0,0,16596,0,8500,0,950,0,0,0,35000,0,0,44450,2685,896,179,194,299,164,36,27,45,2687,350,420,140,280,90,250,480,280,310,260,155,48,250,10525,71571,-69598,0,modeled,"Aged out of foster care, part-time student; 4 fragments resolved"
2026,38,working,,Maricopa,Maricopa County (Phoenix),AZ,1172,3689,863,476,0,1488,1610,238,110,0,3287,60,12993,0,0,0,0,0,0,0,0,0,2443,0,1700,0,0,0,0,0,4143,16000,0,0,0,0,0,0,0,0,0,16000,2685,896,179,194,299,164,36,27,45,2687,350,420,140,280,90,250,480,280,310,260,155,48,250,10525,30668,-17675,0,modeled,National benchmark — median household; 4 fragments resolved
2026,34,working,,Dallas,Dallas County,TX,0,1736,406,224,0,0,1212,112,78,0,0,44,3812,0,0,13200,0,2472,900,0,0,0,0,5212,3400,0,0,0,0,0,25184,32000,0,0,950,0,0,0,0,0,0,32950,2685,896,179,194,299,164,36,27,45,2687,350,420,140,280,90,250,480,280,310,260,155,48,250,10525,68659,-64847,0,modeled,"Single dad, two kids, systems-heavy; 4 fragments resolved"
2026,29,working,,Dallas,Dallas County,TX,0,1364,319,176,0,0,952,88,72,0,0,41,3012,0,0,9700,0,1140,900,0,0,0,0,3863,1700,0,0,0,0,0,17303,16000,0,0,950,0,0,0,0,0,0,16950,2685,896,179,194,299,164,36,27,45,2687,350,420,140,280,90,250,480,280,310,260,155,48,250,10525,44778,-41766,0,modeled,"Working poor, one child; 4 fragments resolved"
2026,72,retired,,Dallas,Dallas County,TX,0,868,203,112,0,0,687,56,64,0,0,37,2027,10000,15000,0,0,132,0,0,0,0,0,0,0,0,0,0,0,0,25132,0,0,0,950,0,0,0,0,0,0,950,2685,896,179,194,299,164,36,27,45,2687,350,420,140,280,90,250,480,280,310,260,155,48,250,10525,36607,-34580,0,modeled,"Elderly, disabled, fixed income; 4 fragments resolved"
2026,38,working,,Dallas,Dallas County,TX,0,3224,754,416,0,0,1651,208,102,0,0,56,6411,0,0,0,10500,0,1800,0,0,0,6460,998,5100,0,0,0,0,0,24858,48000,0,0,950,0,0,0,0,0,0,48950,2685,896,179,194,299,164,36,27,45,2687,350,420,140,280,90,250,480,280,310,260,155,48,250,10525,84333,-77922,0,modeled,"Working family, benefits cliff; 4 fragments resolved"
2026,19,college,,Dallas,Dallas County,TX,0,744,174,96,0,0,589,48,62,0,0,36,1749,0,0,6200,0,612,0,0,0,0,0,170,0,7395,2219,0,0,0,16596,0,8500,0,950,0,0,0,35000,0,0,44450,2685,896,179,194,299,164,36,27,45,2687,350,420,140,280,90,250,480,280,310,260,155,48,250,10525,71571,-69822,0,modeled,"Aged out of foster care, part-time student; 4 fragments resolved"
2026,38,working,,Dallas,Dallas County,TX,1172,3689,863,476,0,0,1849,238,110,0,2546,60,11003,0,0,0,0,0,0,0,0,0,2443,0,1700,0,0,0,0,0,4143,16000,0,0,0,0,0,0,0,0,0,16000,2685,896,179,194,299,164,36,27,45,2687,350,420,140,280,90,250,480,280,310,260,155,48,250,10525,30668,-19665,0,modeled,National benchmark — median household; 4 fragments resolved
2026,34,working,,Miami-Dade,Miami-Dade County,FL,0,1736,406,224,0,0,1164,112,78,0,0,44,3764,0,0,13200,0,2472,900,0,0,0,0,5212,3400,0,0,0,0,0,25184,32000,0,0,950,0,0,0,0,0,0,32950,2685,896,179,194,299,164,36,27,45,2687,350,420,140,280,90,250,480,280,310,260,155,48,250,10525,68659,-64895,0,modeled,"Single dad, two kids, systems-heavy; 4 fragments resolved"
2026,29,working,,Miami-Dade,Miami-Dade County,FL,0,1364,319,176,0,0,914,88,72,0,0,41,2974,0,0,9700,0,1140,900,0,0,0,0,3863,1700,0,0,0,0,0,17303,16000,0,0,950,0,0,0,0,0,0,16950,2685,896,179,194,299,164,36,27,45,2687,350,420,140,280,90,250,480,280,310,260,155,48,250,10525,44778,-41804,0,modeled,"Working poor, one child; 4 fragments resolved"
2026,72,retired,,Miami-Dade,Miami-Dade County,FL,0,868,203,112,0,0,659,56,64,0,0,37,1999,10000,15000,0,0,132,0,0,0,0,0,0,0,0,0,0,0,0,25132,0,0,0,950,0,0,0,0,0,0,950,2685,896,179,194,299,164,36,27,45,2687,350,420,140,280,90,250,480,280,310,260,155,48,250,10525,36607,-34608,0,modeled,"Elderly, disabled, fixed income; 4 fragments resolved"
2026,38,working,,Miami-Dade,Miami-Dade County,FL,0,3224,754,416,0,0,1585,208,102,0,0,56,6345,0,0,0,10500,0,1800,0,0,0,6460,998,5100,0,0,0,0,0,24858,48000,0,0,950,0,0,0,0,0,0,48950,2685,896,179,194,299,164,36,27,45,2687,350,420,140,280,90,250,480,280,310,260,155,48,250,10525,84333,-77988,0,modeled,"Working family, benefits cliff; 4 fragments resolved"
2026,19,college,,Miami-Dade,Miami-Dade County,FL,0,744,174,96,0,0,565,48,62,0,0,36,1725,0,0,6200,0,612,0,0,0,0,0,170,0,7395,2219,0,0,0,16596,0,8500,0,950,0,0,0,35000,0,0,44450,2685,896,179,194,299,164,36,27,45,2687,350,420,140,280,90,250,480,280,310,260,155,48,250,10525,71571,-69846,0,modeled,"Aged out of foster care, part-time student; 4 fragments resolved"
2026,38,working,,Miami-Dade,Miami-Dade County,FL,1172,3689,863,476,0,0,1775,238,110,0,4303,60,12686,0,0,0,0,0,0,0,0,0,2443,0,1700,0,0,0,0,0,4143,16000,0,0,0,0,0,0,0,0,0,16000,2685,896,179,194,299,164,36,27,45,2687,350,420,140,280,90,250,480,280,310,260,155,48,250,10525,30668,-17982,0,modeled,National benchmark — median household; 4 fragments resolved
2026,34,working,,Fulton,Fulton County (Atlanta),GA,0,1736,406,224,0,1537,730,112,78,0,0,44,4867,0,0,13200,0,2472,900,0,0,0,0,5212,3400,0,0,0,0,0,25184,32000,0,0,950,0,0,0,0,0,0,32950,2685,896,179,194,299,164,36,27,45,2687,350,420,140,280,90,250,480,280,310,260,155,48,250,10525,68659,-63792,0,modeled,"Single dad, two kids, systems-heavy; 4 fragments resolved"
2026,29,working,,Fulton,Fulton County (Atlanta),GA,0,1364,319,176,0,1208,573,88,72,0,0,41,3841,0,0,9700,0,1140,900,0,0,0,0,3863,1700,0,0,0,0,0,17303,16000,0,0,950,0,0,0,0,0,0,16950,2685,896,179,194,299,164,36,27,45,2687,350,420,140,280,90,250,480,280,310,260,155,48,250,10525,44778,-40937,0,modeled,"Working poor, one child; 4 fragments resolved"
2026,72,retired,,Fulton,Fulton County (Atlanta),GA,0,868,203,112,0,769,413,56,64,0,0,37,2522,10000,15000,0,0,132,0,0,0,0,0,0,0,0,0,0,0,0,25132,0,0,0,950,0,0,0,0,0,0,950,2685,896,179,194,299,164,36,27,45,2687,350,420,140,280,90,250,480,280,310,260,155,48,250,10525,36607,-34085,0,modeled,"Elderly, disabled, fixed income; 4 fragments resolved"
2026,38,working,,Fulton,Fulton County (Atlanta),GA,0,3224,754,416,0,2855,994,208,102,0,0,56,8609,0,0,0,10500,0,1800,0,0,0,6460,998,5100,0,0,0,0,0,24858,48000,0,0,950,0,0,0,0,0,0,48950,2685,896,179,194,299,164,36,27,45,2687,350,420,140,280,90,250,480,280,310,260,155,48,250,10525,84333,-75724,0,modeled,"Working family, benefits cliff; 4 fragments resolved"
2026,19,college,,Fulton,Fulton County (Atlanta),GA,0,744,174,96,0,659,354,48,62,0,0,36,2173,0,0,6200,0,612,0,0,0,0,0,170,0,7395,2219,0,0,0,16596,0,8500,0,950,0,0,0,35000,0,0,44450,2685,896,179,194,299,164,36,27,45,2687,350,420,140,280,90,250,480,280,310,260,155,48,250,10525,71571,-69398,0,modeled,"Aged out of foster care, part-time student; 4 fragments resolved"
2026,38,working,,Fulton,Fulton County (Atlanta),GA,1172,3689,863,476,0,3267,1111,238,110,0,3297,60,14283,0,0,0,0,0,0,0,0,0,2443,0,1700,0,0,0,0,0,4143,16000,0,0,0,0,0,0,0,0,0,16000,2685,896,179,194,299,164,36,27,45,2687,350,420,140,280,90,250,480,280,310,260,155,48,250,10525,30668,-16385,0,modeled,National benchmark — median household; 4 fragments resolved
2026,34,working,,King,King County (Seattle),WA,0,1736,406,224,0,0,1261,112,78,0,0,44,3861,0,0,13200,0,2472,900,0,0,0,0,5212,3400,0,0,0,0,0,25184,32000,0,0,950,0,0,0,0,0,0,32950,2685,896,179,194,299,164,36,27,45,2687,350,420,140,280,90,250,480,280,310,260,155,48,250,10525,68659,-64798,0,modeled,"Single dad, two kids, systems-heavy; 4 fragments resolved"
2026,29,working,,King,King County (Seattle),WA,0,1364,319,176,0,0,990,88,72,0,0,41,3050,0,0,9700,0,1140,900,0,0,0,0,3863,1700,0,0,0,0,0,17303,16000,0,0,950,0,0,0,0,0,0,16950,2685,896,179,194,299,164,36,27,45,2687,350,420,140,280,90,250,480,280,310,260,155,48,250,10525,44778,-41728,0,modeled,"Working poor, one child; 4 fragments resolved"
2026,72,retired,,King,King County (Seattle),WA,0,868,203,112,0,0,714,56,64,0,0,37,2054,10000,15000,0,0,132,0,0,0,0,0,0,0,0,0,0,0,0,25132,0,0,0,950,0,0,0,0,0,0,950,2685,896,179,194,299,164,36,27,45,2687,350,420,140,280,90,250,480,280,310,260,155,48,250,10525,36607,-34553,0,modeled,"Elderly, disabled, fixed income; 4 fragments resolved"
2026,38,working,,King,King County (Seattle),WA,0,3224,754,416,0,0,1717,208,102,0,0,56,6477,0,0,0,10500,0,1800,0,0,0,6460,998,5100,0,0,0,0,0,24858,48000,0,0,950,0,0,0,0,0,0,48950,2685,896,179,194,299,164,36,27,45,2687,350,420,140,280,90,250,480,280,310,260,155,48,250,10525,84333,-77856,0,modeled,"Working family, benefits cliff; 4 fragments resolved"
2026,19,college,,King,King County (Seattle),WA,0,744,174,96,0,0,612,48,62,0,0,36,1772,0,0,6200,0,612,0,0,0,0,0,170,0,7395,2219,0,0,0,16596,0,8500,0,950,0,0,0,35000,0,0,44450,2685,896,179,194,299,164,36,27,45,2687,350,420,140,280,90,250,480,280,310,260,155,48,250,10525,71571,-69799,0,modeled,"Aged out of foster care, part-time student; 4 fragments resolved"
2026,38,working,,King,King County (Seattle),WA,1172,3689,863,476,0,0,1922,238,110,0,4673,60,13203,0,0,0,0,0,0,0,0,0,2443,0,1700,0,0,0,0,0,4143,16000,0,0,0,0,0,0,0,0,0,16000,2685,896,179,194,299,164,36,27,45,2687,350,420,140,280,90,250,480,280,310,260,155,48,250,10525,30668,-17465,0,modeled,National benchmark — median household; 4 fragments resolved
2026,34,working,,Baltimore City,Baltimore City,MD,0,1736,406,224,0,1330,1104,112,78,896,0,44,5930,0,0,13200,0,2472,900,0,0,0,0,5212,3400,0,0,0,0,0,25184,32000,0,0,950,0,0,0,0,0,0,32950,2685,896,179,194,299,164,36,27,45,2687,350,420,140,280,90,250,480,280,310,260,155,48,250,10525,68659,-62729,0,estimated,"Single dad, two kids, systems-heavy; 13 fragments resolved"
2026,29,working,,Baltimore City,Baltimore City,MD,0,1364,319,176,0,1045,867,88,72,704,0,41,4676,0,0,9700,0,1140,900,0,0,0,0,3863,1700,0,0,0,0,0,17303,16000,0,0,950,0,0,0,0,0,0,16950,2685,896,179,194,299,164,36,27,45,2687,350,420,140,280,90,250,480,280,310,260,155,48,250,10525,44778,-40102,0,estimated,"Working poor, one child; 13 fragments resolved"
2026,72,retired,,Baltimore City,Baltimore City,MD,0,868,203,112,0,665,625,56,64,448,0,37,3078,10000,15000,0,0,132,0,0,0,0,0,0,0,0,0,0,0,0,25132,0,0,0,950,0,0,0,0,0,0,950,2685,896,179,194,299,164,36,27,45,2687,350,420,140,280,90,250,480,280,310,260,155,48,250,10525,36607,-33529,0,estimated,"Elderly, disabled, fixed income; 13 fragments resolved"
2026,38,working,,Baltimore City,Baltimore City,MD,0,3224,754,416,0,2470,1503,208,102,1664,0,56,10397,0,0,0,10500,0,1800,0,0,0,6460,998,5100,0,0,0,0,0,24858,48000,0,0,950,0,0,0,0,0,0,48950,2685,896,179,194,299,164,36,27,45,2687,350,420,140,280,90,250,480,280,310,260,155,48,250,10525,84333,-73936,0,estimated,"Working family, benefits cliff; 13 fragments resolved"
2026,19,college,,Baltimore City,Baltimore City,MD,0,744,174,96,0,570,536,48,62,384,0,36,2650,0,0,6200,0,612,0,0,0,0,0,170,0,7395,2219,0,0,0,16596,0,8500,0,950,0,0,0,35000,0,0,44450,2685,896,179,194,299,164,36,27,45,2687,350,420,140,280,90,250,480,280,310,260,155,48,250,10525,71571,-68921,0,estimated,"Aged out of foster care, part-time student; 13 fragments resolved"
2026,38,working,,Baltimore City,Baltimore City,MD,1172,3689,863,476,0,2826,1681,238,110,1904,2173,60,15192,0,0,0,0,0,0,0,0,0,2443,0,1700,0,0,0,0,0,4143,16000,0,0,0,0,0,0,0,0,0,16000,2685,896,179,194,299,164,36,27,45,2687,350,420,140,280,90,250,480,280,310,260,155,48,250,10525,30668,-15476,0,estimated,National benchmark — median household; 13 fragments resolved
2026,34,working,,District of Columbia,District of Columbia,DC,0,1736,406,224,0,1680,1088,112,78,0,0,44,5368,0,0,13200,0,2472,900,0,0,0,0,5212,3400,0,0,0,0,0,25184,32000,0,0,950,0,0,0,0,0,0,32950,2685,896,179,194,299,164,36,27,45,2687,350,420,140,280,90,250,480,280,310,260,155,48,250,10525,68659,-63291,0,modeled,"Single dad, two kids, systems-heavy; 4 fragments resolved"
2026,29,working,,District of Columbia,District of Columbia,DC,0,1364,319,176,0,1320,855,88,72,0,0,41,4235,0,0,9700,0,1140,900,0,0,0,0,3863,1700,0,0,0,0,0,17303,16000,0,0,950,0,0,0,0,0,0,16950,2685,896,179,194,299,164,36,27,45,2687,350,420,140,280,90,250,480,280,310,260,155,48,250,10525,44778,-40543,0,modeled,"Working poor, one child; 4 fragments resolved"
2026,72,retired,,District of Columbia,District of Columbia,DC,0,868,203,112,0,840,617,56,64,0,0,37,2797,10000,15000,0,0,132,0,0,0,0,0,0,0,0,0,0,0,0,25132,0,0,0,950,0,0,0,0,0,0,950,2685,896,179,194,299,164,36,27,45,2687,350,420,140,280,90,250,480,280,310,260,155,48,250,10525,36607,-33810,0,modeled,"Elderly, disabled, fixed income; 4 fragments resolved"
2026,38,working,,District of Columbia,District of Columbia,DC,0,3224,754,416,0,3120,1482,208,102,0,0,56,9362,0,0,0,10500,0,1800,0,0,0,6460,998,5100,0,0,0,0,0,24858,48000,0,0,950,0,0,0,0,0,0,48950,2685,896,179,194,299,164,36,27,45,2687,350,420,140,280,90,250,480,280,310,260,155,48,250,10525,84333,-74971,0,modeled,"Working family, benefits cliff; 4 fragments resolved"
2026,19,college,,District of Columbia,District of Columbia,DC,0,744,174,96,0,720,528,48,62,0,0,36,2408,0,0,6200,0,612,0,0,0,0,0,170,0,7395,2219,0,0,0,16596,0,8500,0,950,0,0,0,35000,0,0,44450,2685,896,179,194,299,164,36,27,45,2687,350,420,140,280,90,250,480,280,310,260,155,48,250,10525,71571,-69163,0,modeled,"Aged out of foster care, part-time student; 4 fragments resolved"
2026,38,working,,District of Columbia,District of Columbia,DC,1172,3689,863,476,0,3570,1657,238,110,0,4948,60,16783,0,0,0,0,0,0,0,0,0,2443,0,1700,0,0,0,0,0,4143,16000,0,0,0,0,0,0,0,0,0,16000,2685,896,179,194,299,164,36,27,45,2687,350,420,140,280,90,250,480,280,310,260,155,48,250,10525,30668,-13885,0,modeled,National benchmark — median household; 4 fragments resolved
2026,34,working,,Bell,Bell County,KY,0,1736,406,224,0,1120,1113,112,78,0,0,44,4833,0,0,13200,0,2472,900,0,0,0,0,5212,3400,0,0,0,0,0,25184,32000,0,0,950,0,0,0,0,0,0,32950,2685,896,179,194,299,164,36,27,45,2687,350,420,140,280,90,250,480,280,310,260,155,48,250,10525,68659,-63826,0,modeled,"Single dad, two kids, systems-heavy; 4 fragments resolved"
2026,29,working,,Bell,Bell County,KY,0,1364,319,176,0,880,875,88,72,0,0,41,3815,0,0,9700,0,1140,900,0,0,0,0,3863,1700,0,0,0,0,0,17303,16000,0,0,950,0,0,0,0,0,0,16950,2685,896,179,194,299,164,36,27,45,2687,350,420,140,280,90,250,480,280,310,260,155,48,250,10525,44778,-40963,0,modeled,"Working poor, one child; 4 fragments resolved"
2026,72,retired,,Bell,Bell County,KY,0,868,203,112,0,560,631,56,64,0,0,37,2531,10000,15000,0,0,132,0,0,0,0,0,0,0,0,0,0,0,0,25132,0,0,0,950,0,0,0,0,0,0,950,2685,896,179,194,299,164,36,27,45,2687,350,420,140,280,90,250,480,280,310,260,155,48,250,10525,36607,-34076,0,modeled,"Elderly, disabled, fixed income; 4 fragments resolved"
2026,38,working,,Bell,Bell County,KY,0,3224,754,416,0,2080,1516,208,102,0,0,56,8356,0,0,0,10500,0,1800,0,0,0,6460,998,5100,0,0,0,0,0,24858,48000,0,0,950,0,0,0,0,0,0,48950,2685,896,179,194,299,164,36,27,45,2687,350,420,140,280,90,250,480,280,310,260,155,48,250,10525,84333,-75977,0,modeled,"Working family, benefits cliff; 4 fragments resolved"
2026,19,college,,Bell,Bell County,KY,0,744,174,96,0,480,541,48,62,0,0,36,2181,0,0,6200,0,612,0,0,0,0,0,170,0,7395,2219,0,0,0,16596,0,8500,0,950,0,0,0,35000,0,0,44450,2685,896,179,194,299,164,36,27,45,2687,350,420,140,280,90,250,480,280,310,260,155,48,250,10525,71571,-69390,0,modeled,"Aged out of foster care, part-time student; 4 fragments resolved"
2026,38,working,,Bell,Bell County,KY,1172,3689,863,476,0,2380,1696,238,110,0,1627,60,12311,0,0,0,0,0,0,0,0,0,2443,0,1700,0,0,0,0,0,4143,16000,0,0,0,0,0,0,0,0,0,16000,2685,896,179,194,299,164,36,27,45,2687,350,420,140,280,90,250,480,280,310,260,155,48,250,10525,30668,-18357,0,modeled,National benchmark — median household; 4 fragments resolved
2026,34,working,,Mercer,Mercer County,WV,0,1736,406,224,0,1316,1104,112,78,0,0,44,5020,0,0,13200,0,2472,900,0,0,0,0,5212,3400,0,0,0,0,0,25184,32000,0,0,950,0,0,0,0,0,0,32950,2685,896,179,194,299,164,36,27,45,2687,350,420,140,280,90,250,480,280,310,260,155,48,250,10525,68659,-63639,0,modeled,"Single dad, two kids, systems-heavy; 4 fragments resolved"
2026,29,working,,Mercer,Mercer County,WV,0,1364,319,176,0,1034,868,88,72,0,0,41,3962,0,0,9700,0,1140,900,0,0,0,0,3863,1700,0,0,0,0,0,17303,16000,0,0,950,0,0,0,0,0,0,16950,2685,896,179,194,299,164,36,27,45,2687,350,420,140,280,90,250,480,280,310,260,155,48,250,10525,44778,-40816,0,modeled,"Working poor, one child; 4 fragments resolved"
2026,72,retired,,Mercer,Mercer County,WV,0,868,203,112,0,658,626,56,64,0,0,37,2624,10000,15000,0,0,132,0,0,0,0,0,0,0,0,0,0,0,0,25132,0,0,0,950,0,0,0,0,0,0,950,2685,896,179,194,299,164,36,27,45,2687,350,420,140,280,90,250,480,280,310,260,155,48,250,10525,36607,-33983,0,modeled,"Elderly, disabled, fixed income; 4 fragments resolved"
2026,38,working,,Mercer,Mercer County,WV,0,3224,754,416,0,2444,1504,208,102,0,0,56,8708,0,0,0,10500,0,1800,0,0,0,6460,998,5100,0,0,0,0,0,24858,48000,0,0,950,0,0,0,0,0,0,48950,2685,896,179,194,299,164,36,27,45,2687,350,420,140,280,90,250,480,280,310,260,155,48,250,10525,84333,-75625,0,modeled,"Working family, benefits cliff; 4 fragments resolved"
2026,19,college,,Mercer,Mercer County,WV,0,744,174,96,0,564,536,48,62,0,0,36,2260,0,0,6200,0,612,0,0,0,0,0,170,0,7395,2219,0,0,0,16596,0,8500,0,950,0,0,0,35000,0,0,44450,2685,896,179,194,299,164,36,27,45,2687,350,420,140,280,90,250,480,280,310,260,155,48,250,10525,71571,-69311,0,modeled,"Aged out of foster care, part-time student; 4 fragments resolved"
2026,38,working,,Mercer,Mercer County,WV,1172,3689,863,476,0,2797,1682,238,110,0,1771,60,12858,0,0,0,0,0,0,0,0,0,2443,0,1700,0,0,0,0,0,4143,16000,0,0,0,0,0,0,0,0,0,16000,2685,896,179,194,299,164,36,27,45,2687,350,420,140,280,90,250,480,280,310,260,155,48,250,10525,30668,-17810,0,modeled,National benchmark — median household; 4 fragments resolved
2026,34,working,,Hinds,Hinds County (Jackson),MS,0,1736,406,224,0,1316,1288,112,78,0,0,44,5204,0,0,13200,0,2472,900,0,0,0,0,5212,3400,0,0,0,0,0,25184,32000,0,0,950,0,0,0,0,0,0,32950,2685,896,179,194,299,164,36,27,45,2687,350,420,140,280,90,250,480,280,310,260,155,48,250,10525,68659,-63455,0,modeled,"Single dad, two kids, systems-heavy; 4 fragments resolved"
2026,29,working,,Hinds,Hinds County (Jackson),MS,0,1364,319,176,0,1034,1012,88,72,0,0,41,4106,0,0,9700,0,1140,900,0,0,0,0,3863,1700,0,0,0,0,0,17303,16000,0,0,950,0,0,0,0,0,0,16950,2685,896,179,194,299,164,36,27,45,2687,350,420,140,280,90,250,480,280,310,260,155,48,250,10525,44778,-40672,0,modeled,"Working poor, one child; 4 fragments resolved"
2026,72,retired,,Hinds,Hinds County (Jackson),MS,0,868,203,112,0,658,730,56,64,0,0,37,2728,10000,15000,0,0,132,0,0,0,0,0,0,0,0,0,0,0,0,25132,0,0,0,950,0,0,0,0,0,0,950,2685,896,179,194,299,164,36,27,45,2687,350,420,140,280,90,250,480,280,310,260,155,48,250,10525,36607,-33879,0,modeled,"Elderly, disabled, fixed income; 4 fragments resolved"
2026,38,working,,Hinds,Hinds County (Jackson),MS,0,3224,754,416,0,2444,1755,208,102,0,0,56,8959,0,0,0,10500,0,1800,0,0,0,6460,998,5100,0,0,0,0,0,24858,48000,0,0,950,0,0,0,0,0,0,48950,2685,896,179,194,299,164,36,27,45,2687,350,420,140,280,90,250,480,280,310,260,155,48,250,10525,84333,-75374,0,modeled,"Working family, benefits cliff; 4 fragments resolved"
2026,19,college,,Hinds,Hinds County (Jackson),MS,0,744,174,96,0,564,626,48,62,0,0,36,2350,0,0,6200,0,612,0,0,0,0,0,170,0,7395,2219,0,0,0,16596,0,8500,0,950,0,0,0,35000,0,0,44450,2685,896,179,194,299,164,36,27,45,2687,350,420,140,280,90,250,480,280,310,260,155,48,250,10525,71571,-69221,0,modeled,"Aged out of foster care, part-time student; 4 fragments resolved"
2026,38,working,,Hinds,Hinds County (Jackson),MS,1172,3689,863,476,0,2797,1963,238,110,0,2080,60,13448,0,0,0,0,0,0,0,0,0,2443,0,1700,0,0,0,0,0,4143,16000,0,0,0,0,0,0,0,0,0,16000,2685,896,179,194,299,164,36,27,45,2687,350,420,140,280,90,250,480,280,310,260,155,48,250,10525,30668,-17220,0,modeled,National benchmark — median household; 4 fragments resolved
2026,34,working,,Jefferson,Jefferson County (Birmingham),AL,0,1736,406,224,0,1120,742,112,78,0,0,44,4462,0,0,13200,0,2472,900,0,0,0,0,5212,3400,0,0,0,0,0,25184,32000,0,0,950,0,0,0,0,0,0,32950,2685,896,179,194,299,164,36,27,45,2687,350,420,140,280,90,250,480,280,310,260,155,48,250,10525,68659,-64197,0,modeled,"Single dad, two kids, systems-heavy; 4 fragments resolved"
2026,29,working,,Jefferson,Jefferson County (Birmingham),AL,0,1364,319,176,0,880,583,88,72,0,0,41,3523,0,0,9700,0,1140,900,0,0,0,0,3863,1700,0,0,0,0,0,17303,16000,0,0,950,0,0,0,0,0,0,16950,2685,896,179,194,299,164,36,27,45,2687,350,420,140,280,90,250,480,280,310,260,155,48,250,10525,44778,-41255,0,modeled,"Working poor, one child; 4 fragments resolved"
2026,72,retired,,Jefferson,Jefferson County (Birmingham),AL,0,868,203,112,0,560,421,56,64,0,0,37,2321,10000,15000,0,0,132,0,0,0,0,0,0,0,0,0,0,0,0,25132,0,0,0,950,0,0,0,0,0,0,950,2685,896,179,194,299,164,36,27,45,2687,350,420,140,280,90,250,480,280,310,260,155,48,250,10525,36607,-34286,0,modeled,"Elderly, disabled, fixed income; 4 fragments resolved"
2026,38,working,,Jefferson,Jefferson County (Birmingham),AL,0,3224,754,416,0,2080,1011,208,102,0,0,56,7851,0,0,0,10500,0,1800,0,0,0,6460,998,5100,0,0,0,0,0,24858,48000,0,0,950,0,0,0,0,0,0,48950,2685,896,179,194,299,164,36,27,45,2687,350,420,140,280,90,250,480,280,310,260,155,48,250,10525,84333,-76482,0,modeled,"Working family, benefits cliff; 4 fragments resolved"
2026,19,college,,Jefferson,Jefferson County (Birmingham),AL,0,744,174,96,0,480,360,48,62,0,0,36,2000,0,0,6200,0,612,0,0,0,0,0,170,0,7395,2219,0,0,0,16596,0,8500,0,950,0,0,0,35000,0,0,44450,2685,896,179,194,299,164,36,27,45,2687,350,420,140,280,90,250,480,280,310,260,155,48,250,10525,71571,-69571,0,modeled,"Aged out of foster care, part-time student; 4 fragments resolved"
2026,38,working,,Jefferson,Jefferson County (Birmingham),AL,1172,3689,863,476,0,2380,1131,238,110,0,2345,60,12464,0,0,0,0,0,0,0,0,0,2443,0,1700,0,0,0,0,0,4143,16000,0,0,0,0,0,0,0,0,0,16000,2685,896,179,194,299,164,36,27,45,2687,350,420,140,280,90,250,480,280,310,260,155,48,250,10525,30668,-18204,0,modeled,National benchmark — median household; 4 fragments resolved
2026,34,working,,Wayne,Wayne County (Detroit),MI,0,1736,406,224,0,1190,1110,112,78,672,0,44,5572,0,0,13200,0,2472,900,0,0,0,0,5212,3400,0,0,0,0,0,25184,32000,0,0,950,0,0,0,0,0,0,32950,2685,896,179,194,299,164,36,27,45,2687,350,420,140,280,90,250,480,280,310,260,155,48,250,10525,68659,-63087,0,modeled,"Single dad, two kids, systems-heavy; 4 fragments resolved"
2026,29,working,,Wayne,Wayne County (Detroit),MI,0,1364,319,176,0,935,872,88,72,528,0,41,4395,0,0,9700,0,1140,900,0,0,0,0,3863,1700,0,0,0,0,0,17303,16000,0,0,950,0,0,0,0,0,0,16950,2685,896,179,194,299,164,36,27,45,2687,350,420,140,280,90,250,480,280,310,260,155,48,250,10525,44778,-40383,0,modeled,"Working poor, one child; 4 fragments resolved"
2026,72,retired,,Wayne,Wayne County (Detroit),MI,0,868,203,112,0,595,629,56,64,336,0,37,2900,10000,15000,0,0,132,0,0,0,0,0,0,0,0,0,0,0,0,25132,0,0,0,950,0,0,0,0,0,0,950,2685,896,179,194,299,164,36,27,45,2687,350,420,140,280,90,250,480,280,310,260,155,48,250,10525,36607,-33707,0,modeled,"Elderly, disabled, fixed income; 4 fragments resolved"
2026,38,working,,Wayne,Wayne County (Detroit),MI,0,3224,754,416,0,2210,1512,208,102,1248,0,56,9730,0,0,0,10500,0,1800,0,0,0,6460,998,5100,0,0,0,0,0,24858,48000,0,0,950,0,0,0,0,0,0,48950,2685,896,179,194,299,164,36,27,45,2687,350,420,140,280,90,250,480,280,310,260,155,48,250,10525,84333,-74603,0,modeled,"Working family, benefits cliff; 4 fragments resolved"
2026,19,college,,Wayne,Wayne County (Detroit),MI,0,744,174,96,0,510,539,48,62,288,0,36,2497,0,0,6200,0,612,0,0,0,0,0,170,0,7395,2219,0,0,0,16596,0,8500,0,950,0,0,0,35000,0,0,44450,2685,896,179,194,299,164,36,27,45,2687,350,420,140,280,90,250,480,280,310,260,155,48,250,10525,71571,-69074,0,modeled,"Aged out of foster care, part-time student; 4 fragments resolved"
2026,38,working,,Wayne,Wayne County (Detroit),MI,1172,3689,863,476,0,2529,1691,238,110,1428,1979,60,14235,0,0,0,0,0,0,0,0,0,2443,0,1700,0,0,0,0,0,4143,16000,0,0,0,0,0,0,0,0,0,16000,2685,896,179,194,299,164,36,27,45,2687,350,420,140,280,90,250,480,280,310,260,155,48,250,10525,30668,-16433,0,modeled,National benchmark — median household; 4 fragments resolved
2026,34,working,,Cuyahoga,Cuyahoga County (Cleveland),OH,0,1736,406,224,0,980,1073,112,78,560,0,44,5213,0,0,13200,0,2472,900,0,0,0,0,5212,3400,0,0,0,0,0,25184,32000,0,0,950,0,0,0,0,0,0,32950,2685,896,179,194,299,164,36,27,45,2687,350,420,140,280,90,250,480,280,310,260,155,48,250,10525,68659,-63446,0,modeled,"Single dad, two kids, systems-heavy; 4 fragments resolved"
2026,29,working,,Cuyahoga,Cuyahoga County (Cleveland),OH,0,1364,319,176,0,770,843,88,72,440,0,41,4113,0,0,9700,0,1140,900,0,0,0,0,3863,1700,0,0,0,0,0,17303,16000,0,0,950,0,0,0,0,0,0,16950,2685,896,179,194,299,164,36,27,45,2687,350,420,140,280,90,250,480,280,310,260,155,48,250,10525,44778,-40665,0,modeled,"Working poor, one child; 4 fragments resolved"
2026,72,retired,,Cuyahoga,Cuyahoga County (Cleveland),OH,0,868,203,112,0,490,608,56,64,280,0,37,2718,10000,15000,0,0,132,0,0,0,0,0,0,0,0,0,0,0,0,25132,0,0,0,950,0,0,0,0,0,0,950,2685,896,179,194,299,164,36,27,45,2687,350,420,140,280,90,250,480,280,310,260,155,48,250,10525,36607,-33889,0,modeled,"Elderly, disabled, fixed income; 4 fragments resolved"
2026,38,working,,Cuyahoga,Cuyahoga County (Cleveland),OH,0,3224,754,416,0,1820,1461,208,102,1040,0,56,9081,0,0,0,10500,0,1800,0,0,0,6460,998,5100,0,0,0,0,0,24858,48000,0,0,950,0,0,0,0,0,0,48950,2685,896,179,194,299,164,36,27,45,2687,350,420,140,280,90,250,480,280,310,260,155,48,250,10525,84333,-75252,0,modeled,"Working family, benefits cliff; 4 fragments resolved"
2026,19,college,,Cuyahoga,Cuyahoga County (Cleveland),OH,0,744,174,96,0,420,521,48,62,240,0,36,2341,0,0,6200,0,612,0,0,0,0,0,170,0,7395,2219,0,0,0,16596,0,8500,0,950,0,0,0,35000,0,0,44450,2685,896,179,194,299,164,36,27,45,2687,350,420,140,280,90,250,480,280,310,260,155,48,250,10525,71571,-69230,0,modeled,"Aged out of foster care, part-time student; 4 fragments resolved"
2026,38,working,,Cuyahoga,Cuyahoga County (Cleveland),OH,1172,3689,863,476,0,2083,1635,238,110,1190,2005,60,13521,0,0,0,0,0,0,0,0,0,2443,0,1700,0,0,0,0,0,4143,16000,0,0,0,0,0,0,0,0,0,16000,2685,896,179,194,299,164,36,27,45,2687,350,420,140,280,90,250,480,280,310,260,155,48,250,10525,30668,-17147,0,modeled,National benchmark — median household; 4 fragments resolved
2026,34,working,,Essex,Essex County,NJ,0,1736,406,224,0,1470,1212,112,78,0,0,44,5282,0,0,13200,0,2472,900,0,0,0,0,5212,3400,0,0,0,0,0,25184,32000,0,0,950,0,0,0,0,0,0,32950,2685,896,179,194,299,164,36,27,45,2687,350,420,140,280,90,250,480,280,310,260,155,48,250,10525,68659,-63377,0,modeled,"Single dad, two kids, systems-heavy; 4 fragments resolved"
2026,29,working,,Essex,Essex County,NJ,0,1364,319,176,0,1155,952,88,72,0,0,41,4167,0,0,9700,0,1140,900,0,0,0,0,3863,1700,0,0,0,0,0,17303,16000,0,0,950,0,0,0,0,0,0,16950,2685,896,179,194,299,164,36,27,45,2687,350,420,140,280,90,250,480,280,310,260,155,48,250,10525,44778,-40611,0,modeled,"Working poor, one child; 4 fragments resolved"
2026,72,retired,,Essex,Essex County,NJ,0,868,203,112,0,735,687,56,64,0,0,37,2762,10000,15000,0,0,132,0,0,0,0,0,0,0,0,0,0,0,0,25132,0,0,0,950,0,0,0,0,0,0,950,2685,896,179,194,299,164,36,27,45,2687,350,420,140,280,90,250,480,280,310,260,155,48,250,10525,36607,-33845,0,modeled,"Elderly, disabled, fixed income; 4 fragments resolved"
2026,38,working,,Essex,Essex County,NJ,0,3224,754,416,0,2730,1650,208,102,0,0,56,9140,0,0,0,10500,0,1800,0,0,0,6460,998,5100,0,0,0,0,0,24858,48000,0,0,950,0,0,0,0,0,0,48950,2685,896,179,194,299,164,36,27,45,2687,350,420,140,280,90,250,480,280,310,260,155,48,250,10525,84333,-75193,0,modeled,"Working family, benefits cliff; 4 fragments resolved"
2026,19,college,,Essex,Essex County,NJ,0,744,174,96,0,630,589,48,62,0,0,36,2379,0,0,6200,0,612,0,0,0,0,0,170,0,7395,2219,0,0,0,16596,0,8500,0,950,0,0,0,35000,0,0,44450,2685,896,179,194,299,164,36,27,45,2687,350,420,140,280,90,250,480,280,310,260,155,48,250,10525,71571,-69192,0,modeled,"Aged out of foster care, part-time student; 4 fragments resolved"
2026,38,working,,Essex,Essex County,NJ,1172,3689,863,476,0,3124,1846,238,110,0,4514,60,16092,0,0,0,0,0,0,0,0,0,2443,0,1700,0,0,0,0,0,4143,16000,0,0,0,0,0,0,0,0,0,16000,2685,896,179,194,299,164,36,27,45,2687,350,420,140,280,90,250,480,280,310,260,155,48,250,10525,30668,-14576,0,modeled,National benchmark — median household; 4 fragments resolved
2026,34,working,,Hudson,Hudson County,NJ,0,1736,406,224,0,1470,1212,112,78,0,0,44,5282,0,0,13200,0,2472,900,0,0,0,0,5212,3400,0,0,0,0,0,25184,32000,0,0,950,0,0,0,0,0,0,32950,2685,896,179,194,299,164,36,27,45,2687,350,420,140,280,90,250,480,280,310,260,155,48,250,10525,68659,-63377,0,modeled,"Single dad, two kids, systems-heavy; 3 fragments resolved"
2026,29,working,,Hudson,Hudson County,NJ,0,1364,319,176,0,1155,952,88,72,0,0,41,4167,0,0,9700,0,1140,900,0,0,0,0,3863,1700,0,0,0,0,0,17303,16000,0,0,950,0,0,0,0,0,0,16950,2685,896,179,194,299,164,36,27,45,2687,350,420,140,280,90,250,480,280,310,260,155,48,250,10525,44778,-40611,0,modeled,"Working poor, one child; 3 fragments resolved"
2026,72,retired,,Hudson,Hudson County,NJ,0,868,203,112,0,735,687,56,64,0,0,37,2762,10000,15000,0,0,132,0,0,0,0,0,0,0,0,0,0,0,0,25132,0,0,0,950,0,0,0,0,0,0,950,2685,896,179,194,299,164,36,27,45,2687,350,420,140,280,90,250,480,280,310,260,155,48,250,10525,36607,-33845,0,modeled,"Elderly, disabled, fixed income; 3 fragments resolved"
2026,38,working,,Hudson,Hudson County,NJ,0,3224,754,416,0,2730,1650,208,102,0,0,56,9140,0,0,0,10500,0,1800,0,0,0,6460,998,5100,0,0,0,0,0,24858,48000,0,0,950,0,0,0,0,0,0,48950,2685,896,179,194,299,164,36,27,45,2687,350,420,140,280,90,250,480,280,310,260,155,48,250,10525,84333,-75193,0,modeled,"Working family, benefits cliff; 3 fragments resolved"
2026,19,college,,Hudson,Hudson County,NJ,0,744,174,96,0,630,589,48,62,0,0,36,2379,0,0,6200,0,612,0,0,0,0,0,170,0,7395,2219,0,0,0,16596,0,8500,0,950,0,0,0,35000,0,0,44450,2685,896,179,194,299,164,36,27,45,2687,350,420,140,280,90,250,480,280,310,260,155,48,250,10525,71571,-69192,0,modeled,"Aged out of foster care, part-time student; 3 fragments resolved"
2026,38,working,,Hudson,Hudson County,NJ,1172,3689,863,476,0,3124,1846,238,110,0,4003,60,15581,0,0,0,0,0,0,0,0,0,2443,0,1700,0,0,0,0,0,4143,16000,0,0,0,0,0,0,0,0,0,16000,2685,896,179,194,299,164,36,27,45,2687,350,420,140,280,90,250,480,280,310,260,155,48,250,10525,30668,-15087,0,modeled,National benchmark — median household; 3 fragments resolved
2026,34,working,,Middlesex,Middlesex County,NJ,0,1736,406,224,0,1470,1212,112,78,0,0,44,5282,0,0,13200,0,2472,900,0,0,0,0,5212,3400,0,0,0,0,0,25184,32000,0,0,950,0,0,0,0,0,0,32950,2685,896,179,194,299,164,36,27,45,2687,350,420,140,280,90,250,480,280,310,260,155,48,250,10525,68659,-63377,0,modeled,"Single dad, two kids, systems-heavy; 3 fragments resolved"
2026,29,working,,Middlesex,Middlesex County,NJ,0,1364,319,176,0,1155,952,88,72,0,0,41,4167,0,0,9700,0,1140,900,0,0,0,0,3863,1700,0,0,0,0,0,17303,16000,0,0,950,0,0,0,0,0,0,16950,2685,896,179,194,299,164,36,27,45,2687,350,420,140,280,90,250,480,280,310,260,155,48,250,10525,44778,-40611,0,modeled,"Working poor, one child; 3 fragments resolved"
2026,72,retired,,Middlesex,Middlesex County,NJ,0,868,203,112,0,735,687,56,64,0,0,37,2762,10000,15000,0,0,132,0,0,0,0,0,0,0,0,0,0,0,0,25132,0,0,0,950,0,0,0,0,0,0,950,2685,896,179,194,299,164,36,27,45,2687,350,420,140,280,90,250,480,280,310,260,155,48,250,10525,36607,-33845,0,modeled,"Elderly, disabled, fixed income; 3 fragments resolved"
2026,38,working,,Middlesex,Middlesex County,NJ,0,3224,754,416,0,2730,1650,208,102,0,0,56,9140,0,0,0,10500,0,1800,0,0,0,6460,998,5100,0,0,0,0,0,24858,48000,0,0,950,0,0,0,0,0,0,48950,2685,896,179,194,299,164,36,27,45,2687,350,420,140,280,90,250,480,280,310,260,155,48,250,10525,84333,-75193,0,modeled,"Working family, benefits cliff; 3 fragments resolved"
2026,19,college,,Middlesex,Middlesex County,NJ,0,744,174,96,0,630,589,48,62,0,0,36,2379,0,0,6200,0,612,0,0,0,0,0,170,0,7395,2219,0,0,0,16596,0,8500,0,950,0,0,0,35000,0,0,44450,2685,896,179,194,299,164,36,27,45,2687,350,420,140,280,90,250,480,280,310,260,155,48,250,10525,71571,-69192,0,modeled,"Aged out of foster care, part-time student; 3 fragments resolved"
2026,38,working,,Middlesex,Middlesex County,NJ,1172,3689,863,476,0,3124,1846,238,110,0,2795,60,14373,0,0,0,0,0,0,0,0,0,2443,0,1700,0,0,0,0,0,4143,16000,0,0,0,0,0,0,0,0,0,16000,2685,896,179,194,299,164,36,27,45,2687,350,420,140,280,90,250,480,280,310,260,155,48,250,10525,30668,-16295,0,modeled,National benchmark — median household; 3 fragments resolved
